store_id,store_name,brand_id,city,region,channel,subsidiary_company,opening_year,closing_year,status,renovation_months
STR-0001,BrewStar - Pontianak,BRND-001,Pontianak,West Kalimantan,Offline,Gourmetia,2001,2005.0,closed,[1]
STR-0002,BrewStar - Surakarta,BRND-001,Surakarta,Central Java,Offline,Gourmetia,2006,,active,[]
STR-0003,BrewStar - Bandung,BRND-001,Bandung,West Java,Offline,Gourmetia,2007,,active,[]
STR-0004,BrewStar - Mamuju,BRND-001,Mamuju,West Sulawesi,Offline,Gourmetia,2010,,active,[]
STR-0005,BrewStar - Tanjung Selor,BRND-001,Tanjung Selor,North Kalimantan,Offline,Gourmetia,2011,,active,[]
STR-0006,BrewStar - Cirebon,BRND-001,Cirebon,West Java,Offline,Gourmetia,2025,,active,[]
STR-0007,BrewStar - Bogor,BRND-001,Bogor,West Java,Offline,Gourmetia,2012,,active,[3]
STR-0008,Burger Monarch - Sorong,BRND-002,Sorong,Southwest Papua,Offline,Gourmetia,2019,,active,[]
STR-0009,Burger Monarch - Semarang,BRND-002,Semarang,Central Java,Offline,Gourmetia,2001,,active,[]
STR-0010,FrostRock - Gorontalo City,BRND-003,Gorontalo City,Gorontalo,Offline,Gourmetia,2002,,active,[]
STR-0011,FrostRock - Makassar,BRND-003,Makassar,South Sulawesi,Offline,Gourmetia,2017,2024.0,closed,[]
STR-0012,FrostRock - Denpasar,BRND-003,Denpasar,Bali,Offline,Gourmetia,2002,,active,[12]
STR-0013,FrostRock - Denpasar,BRND-003,Denpasar,Bali,Offline,Gourmetia,2024,,active,"[6, 7, 8]"
STR-0014,Dominoza - Jakarta,BRND-004,Jakarta,DKI Jakarta,Offline,Gourmetia,2023,,active,[]
STR-0015,Dominoza - Jakarta,BRND-004,Jakarta,DKI Jakarta,Offline,Gourmetia,2024,,active,[]
STR-0016,Dominoza - Banjarmasin,BRND-004,Banjarmasin,South Kalimantan,Offline,Gourmetia,2014,,active,[8]
STR-0017,Dominoza - Jakarta,BRND-004,Jakarta,DKI Jakarta,Offline,Gourmetia,2002,2009.0,closed,[]
STR-0018,Dominoza - Jakarta,BRND-004,Jakarta,DKI Jakarta,Offline,Gourmetia,2023,,active,[]
STR-0019,Dominoza - Semarang,BRND-004,Semarang,Central Java,Offline,Gourmetia,2015,,active,[]
STR-0020,Dominoza - Sidoarjo,BRND-004,Sidoarjo,East Java,Offline,Gourmetia,2011,,active,"[1, 2, 3]"
STR-0021,Pizza Palazzo - Depok,BRND-005,Depok,West Java,Offline,Gourmetia,2023,,active,"[11, 12, 1]"
STR-0022,Pizza Palazzo - Semarang,BRND-005,Semarang,Central Java,Offline,Gourmetia,2015,,active,[]
STR-0023,Pizza Palazzo - Cirebon,BRND-005,Cirebon,West Java,Offline,Gourmetia,2016,,active,[]
STR-0024,Pizza Palazzo - Malang,BRND-005,Malang,East Java,Offline,Gourmetia,2006,,active,[]
STR-0025,Pizza Palazzo - Padang,BRND-005,Padang,West Sumatra,Offline,Gourmetia,2007,,active,[]
STR-0026,Pizza Palazzo - Serang,BRND-005,Serang,Banten,Offline,Gourmetia,2007,,active,[]
STR-0027,Pizza Palazzo - Tanjung Selor,BRND-005,Tanjung Selor,North Kalimantan,Offline,Gourmetia,2018,,active,[]
STR-0028,Pizza Palazzo - Padang,BRND-005,Padang,West Sumatra,Offline,Gourmetia,2000,,active,"[1, 2]"
STR-0029,Chocadia - Semarang,BRND-006,Semarang,Central Java,Offline,Gourmetia,2009,,active,[]
STR-0030,Pauline’s Bakery - Denpasar,BRND-007,Denpasar,Bali,Offline,Gourmetia,2009,,active,[]
STR-0031,Pauline’s Bakery - Bogor,BRND-007,Bogor,West Java,Offline,Gourmetia,2025,,active,[]
STR-0032,Pauline’s Bakery - Kendari,BRND-007,Kendari,Southeast Sulawesi,Offline,Gourmetia,2016,,active,[]
STR-0033,Pauline’s Bakery - Mataram,BRND-007,Mataram,West Nusa Tenggara,Offline,Gourmetia,2000,,active,[12]
STR-0034,Pauline’s Bakery - Yogyakarta,BRND-007,Yogyakarta,Special Region of Yogyakarta,Offline,Gourmetia,2014,,active,[]
STR-0035,Pauline’s Bakery - Tanjung Pinang,BRND-007,Tanjung Pinang,Riau Islands,Offline,Gourmetia,2014,,active,[8]
STR-0036,Pauline’s Bakery - Medan,BRND-007,Medan,North Sumatra,Offline,Gourmetia,2013,,active,[]
STR-0037,Pauline’s Bakery - Manado,BRND-007,Manado,North Sulawesi,Offline,Gourmetia,2025,,active,[]
STR-0038,Sushiba - Tangerang,BRND-008,Tangerang,Banten,Offline,Gourmetia,2006,2009.0,closed,[]
STR-0039,Sushiba - Bandar Lampung,BRND-008,Bandar Lampung,Lampung,Offline,Gourmetia,2019,,active,[]
STR-0040,Sushiba - Padang,BRND-008,Padang,West Sumatra,Offline,Gourmetia,2021,,active,[]
STR-0041,Sushiba - Manado,BRND-008,Manado,North Sulawesi,Offline,Gourmetia,2000,,active,[5]
STR-0042,Sushiba - Bekasi,BRND-008,Bekasi,West Java,Offline,Gourmetia,2018,,active,[]
STR-0043,Sushiba - Surakarta,BRND-008,Surakarta,Central Java,Offline,Gourmetia,2022,,active,[]
STR-0044,Krispy Delights - Serang,BRND-009,Serang,Banten,Offline,Gourmetia,2017,2025.0,active,[]
STR-0045,Krispy Delights - Semarang,BRND-009,Semarang,Central Java,Offline,Gourmetia,2009,,active,"[10, 11, 12]"
STR-0046,Krispy Delights - Palembang,BRND-009,Palembang,South Sumatra,Offline,Gourmetia,2021,2028.0,active,[]
STR-0047,Krispy Delights - Yogyakarta,BRND-009,Yogyakarta,Special Region of Yogyakarta,Offline,Gourmetia,2023,,active,[]
STR-0048,Krispy Delights - Bandung,BRND-009,Bandung,West Java,Offline,Gourmetia,2008,,active,[]
STR-0049,Krispy Delights - Balikpapan,BRND-009,Balikpapan,East Kalimantan,Offline,Gourmetia,2017,,active,[]
STR-0050,Krispy Delights - Medan,BRND-009,Medan,North Sumatra,Offline,Gourmetia,2011,,active,[]
STR-0051,Krispy Delights - Sidoarjo,BRND-009,Sidoarjo,East Java,Offline,Gourmetia,2016,,active,[1]
STR-0052,Poppy’s Chicken - Malang,BRND-010,Malang,East Java,Offline,Gourmetia,2015,2021.0,closed,[]
STR-0053,Poppy’s Chicken - Jambi City,BRND-010,Jambi City,Jambi,Offline,Gourmetia,2008,,active,[]
STR-0054,Poppy’s Chicken - Manado,BRND-010,Manado,North Sulawesi,Offline,Gourmetia,2010,,active,[]
STR-0055,Poppy’s Chicken - Bandar Lampung,BRND-010,Bandar Lampung,Lampung,Offline,Gourmetia,2023,,active,[]
STR-0056,Poppy’s Chicken - Bogor,BRND-010,Bogor,West Java,Offline,Gourmetia,2008,,active,[]
STR-0057,Subbite - Jambi City,BRND-011,Jambi City,Jambi,Offline,Gourmetia,2021,,active,[]
STR-0058,Subbite - Denpasar,BRND-011,Denpasar,Bali,Offline,Gourmetia,2019,,active,[]
STR-0059,Subbite - Padang,BRND-011,Padang,West Sumatra,Offline,Gourmetia,2005,,active,[]
STR-0060,Subbite - Surabaya,BRND-011,Surabaya,East Java,Offline,Gourmetia,2017,,active,"[9, 10, 11]"
STR-0061,Subbite - Serang,BRND-011,Serang,Banten,Offline,Gourmetia,2005,,active,[]
STR-0062,Subbite - Serang,BRND-011,Serang,Banten,Offline,Gourmetia,2020,,active,[]
STR-0063,Subbite - Pangkal Pinang,BRND-011,Pangkal Pinang,Bangka Belitung Islands,Offline,Gourmetia,2000,,active,[]
STR-0064,Subbite - Surakarta,BRND-011,Surakarta,Central Java,Offline,Gourmetia,2004,,active,[]
STR-0065,Galleria Luxe - Depok,BRND-012,Depok,West Java,Offline,UrbanMart,2000,,active,[]
STR-0066,Galleria Luxe - Depok,BRND-012,Depok,West Java,Offline,UrbanMart,2010,,active,[]
STR-0067,Galleria Luxe - Pangkal Pinang,BRND-012,Pangkal Pinang,Bangka Belitung Islands,Offline,UrbanMart,2000,,active,[]
STR-0068,Galleria Luxe - Manokwari,BRND-012,Manokwari,West Papua,Offline,UrbanMart,2000,,active,[]
STR-0069,Galleria Luxe - Bekasi,BRND-012,Bekasi,West Java,Offline,UrbanMart,2018,2024.0,closed,[]
STR-0070,Galleria Luxe - Palangkaraya,BRND-012,Palangkaraya,Central Kalimantan,Offline,UrbanMart,2015,,active,[]
STR-0071,Galleria Luxe - Bekasi,BRND-012,Bekasi,West Java,Offline,UrbanMart,2011,2019.0,closed,[]
STR-0072,Seiluxe - Bogor,BRND-013,Bogor,West Java,Offline,UrbanMart,2015,,active,[]
STR-0073,Seiluxe - Sidoarjo,BRND-013,Sidoarjo,East Java,Offline,UrbanMart,2009,,active,[1]
STR-0074,Seiluxe - Bandung,BRND-013,Bandung,West Java,Offline,UrbanMart,2022,2029.0,active,[]
STR-0075,Seiluxe - Banda Aceh,BRND-013,Banda Aceh,Aceh,Offline,UrbanMart,2003,,active,[]
STR-0076,Seiluxe - Yogyakarta,BRND-013,Yogyakarta,Special Region of Yogyakarta,Offline,UrbanMart,2004,,active,[]
STR-0077,Sogawa - Bandung,BRND-014,Bandung,West Java,Offline,UrbanMart,2016,,active,[]
STR-0078,Sogawa - Manokwari,BRND-014,Manokwari,West Papua,Offline,UrbanMart,2014,,active,[]
STR-0079,Sogawa - Bandung,BRND-014,Bandung,West Java,Offline,UrbanMart,2022,,active,[]
STR-0080,Sogawa - Surabaya,BRND-014,Surabaya,East Java,Offline,UrbanMart,2015,2022.0,closed,[]
STR-0081,Sogawa - Surakarta,BRND-014,Surakarta,Central Java,Offline,UrbanMart,2022,,active,[]
STR-0082,Sogawa - Mamuju,BRND-014,Mamuju,West Sulawesi,Offline,UrbanMart,2000,,active,[]
STR-0083,Sogawa - Bogor,BRND-014,Bogor,West Java,Offline,UrbanMart,2013,,active,[]
STR-0084,Sogawa - Bandar Lampung,BRND-014,Bandar Lampung,Lampung,Offline,UrbanMart,2025,,active,[]
STR-0085,FoodDome - Kendari,BRND-015,Kendari,Southeast Sulawesi,Offline,UrbanMart,2004,,active,[]
STR-0086,FreshBasket - Bekasi,BRND-016,Bekasi,West Java,Offline,UrbanMart,2006,,active,[]
STR-0087,FreshBasket - Serang,BRND-016,Serang,Banten,Offline,UrbanMart,2007,,active,[]
STR-0088,FreshBasket - Medan,BRND-016,Medan,North Sumatra,Offline,UrbanMart,2012,,active,"[4, 5, 6]"
STR-0089,FreshBasket - Sidoarjo,BRND-016,Sidoarjo,East Java,Offline,UrbanMart,2011,,active,"[8, 9, 10]"
STR-0090,FreshBasket - Bandung,BRND-016,Bandung,West Java,Offline,UrbanMart,2006,,active,"[2, 3]"
STR-0091,FreshBasket - Bandung,BRND-016,Bandung,West Java,Offline,UrbanMart,2011,,active,[]
STR-0092,FreshBasket - Sidoarjo,BRND-016,Sidoarjo,East Java,Offline,UrbanMart,2011,2019.0,closed,[]
STR-0093,FreshBasket - Tangerang,BRND-016,Tangerang,Banten,Offline,UrbanMart,2013,,active,[]
STR-0094,FreshBasket - Pekanbaru,BRND-016,Pekanbaru,Riau,Offline,UrbanMart,2006,,active,[]
STR-0095,FreshBasket - Serang,BRND-016,Serang,Banten,Offline,UrbanMart,2024,,active,[]
STR-0096,Accentz - Nabire,BRND-017,Nabire,Central Papua,Offline,StyleCraft,2022,,active,[]
STR-0097,Accentz - Bengkulu City,BRND-017,Bengkulu City,Bengkulu,Offline,StyleCraft,2014,,active,[]
STR-0098,Accentz - Bandar Lampung,BRND-017,Bandar Lampung,Lampung,Offline,StyleCraft,2018,,active,[]
STR-0099,Accentz - Bandung,BRND-017,Bandung,West Java,Offline,StyleCraft,2015,,active,[]
STR-0100,Accentz - Pontianak,BRND-017,Pontianak,West Kalimantan,Offline,StyleCraft,2003,,active,[]
STR-0101,Accentz - Balikpapan,BRND-017,Balikpapan,East Kalimantan,Offline,StyleCraft,2016,,active,[]
STR-0102,Accentz - Palu,BRND-017,Palu,Central Sulawesi,Offline,StyleCraft,2006,,active,[]
STR-0103,Accentz - Cirebon,BRND-017,Cirebon,West Java,Offline,StyleCraft,2016,,active,[6]
STR-0104,Accentz - Mamuju,BRND-017,Mamuju,West Sulawesi,Offline,StyleCraft,2018,,active,[]
STR-0105,Beetle Bug - Tanjung Pinang,BRND-018,Tanjung Pinang,Riau Islands,Offline,StyleCraft,2022,,active,[]
STR-0106,Beetle Bug - Surakarta,BRND-018,Surakarta,Central Java,Offline,StyleCraft,2006,,active,[3]
STR-0107,BCBG Flow - Tangerang,BRND-019,Tangerang,Banten,Offline,StyleCraft,2009,,active,[]
STR-0108,BCBG Flow - Jakarta,BRND-019,Jakarta,DKI Jakarta,Offline,StyleCraft,2018,,active,[]
STR-0109,BCBG Flow - Tangerang,BRND-019,Tangerang,Banten,Offline,StyleCraft,2010,,active,[]
STR-0110,BCBG Flow - Bandar Lampung,BRND-019,Bandar Lampung,Lampung,Offline,StyleCraft,2025,,active,[]
STR-0111,BCBG Flow - Ambon,BRND-019,Ambon,Maluku,Offline,StyleCraft,2015,,active,[]
STR-0112,BCBG Flow - Surabaya,BRND-019,Surabaya,East Java,Offline,StyleCraft,2025,,active,[]
STR-0113,BCBG Flow - Bandar Lampung,BRND-019,Bandar Lampung,Lampung,Offline,StyleCraft,2011,,active,[]
STR-0114,BCBG Flow - Bengkulu City,BRND-019,Bengkulu City,Bengkulu,Offline,StyleCraft,2021,,active,[]
STR-0115,BCBG Flow - Palangkaraya,BRND-019,Palangkaraya,Central Kalimantan,Offline,StyleCraft,2010,,active,[]
STR-0116,Bershaka - Depok,BRND-020,Depok,West Java,Offline,StyleCraft,2018,,active,[]
STR-0117,Bershaka - Denpasar,BRND-020,Denpasar,Bali,Offline,StyleCraft,2001,,active,[]
STR-0118,Bershaka - Medan,BRND-020,Medan,North Sumatra,Offline,StyleCraft,2012,2020.0,closed,[]
STR-0119,Bershaka - Balikpapan,BRND-020,Balikpapan,East Kalimantan,Offline,StyleCraft,2010,,active,[]
STR-0120,Bershaka - Bengkulu City,BRND-020,Bengkulu City,Bengkulu,Offline,StyleCraft,2025,2031.0,active,[]
STR-0121,Brooks & Bros - Banda Aceh,BRND-021,Banda Aceh,Aceh,Offline,StyleCraft,2010,,active,[]
STR-0122,Brooks & Bros - Banjarmasin,BRND-021,Banjarmasin,South Kalimantan,Offline,StyleCraft,2022,2027.0,active,[]
STR-0123,Brooks & Bros - Padang,BRND-021,Padang,West Sumatra,Offline,StyleCraft,2001,,active,[]
STR-0124,Brooks & Bros - Pekanbaru,BRND-021,Pekanbaru,Riau,Offline,StyleCraft,2008,,active,"[1, 2, 3]"
STR-0125,Brooks & Bros - Tangerang,BRND-021,Tangerang,Banten,Offline,StyleCraft,2012,2017.0,closed,[]
STR-0126,Burton & Co. - Depok,BRND-022,Depok,West Java,Offline,StyleCraft,2007,,active,[]
STR-0127,Burton & Co. - Tangerang,BRND-022,Tangerang,Banten,Offline,StyleCraft,2024,,active,[]
STR-0128,Burton & Co. - Bogor,BRND-022,Bogor,West Java,Offline,StyleCraft,2006,,active,"[1, 2]"
STR-0129,Burton & Co. - Serang,BRND-022,Serang,Banten,Offline,StyleCraft,2024,,active,[]
STR-0130,Burton & Co. - Semarang,BRND-022,Semarang,Central Java,Offline,StyleCraft,2010,,active,[]
STR-0131,Burton & Co. - Malang,BRND-022,Malang,East Java,Offline,StyleCraft,2002,,active,[]
STR-0132,Camellia Wear - Depok,BRND-023,Depok,West Java,Offline,StyleCraft,2013,,active,[]
STR-0133,Camellia Wear - Depok,BRND-023,Depok,West Java,Offline,StyleCraft,2004,,active,[]
STR-0134,Camellia Wear - Banjarmasin,BRND-023,Banjarmasin,South Kalimantan,Offline,StyleCraft,2000,2005.0,closed,[]
STR-0135,Camellia Wear - Serang,BRND-023,Serang,Banten,Offline,StyleCraft,2024,,active,[]
STR-0136,Camellia Wear - Mamuju,BRND-023,Mamuju,West Sulawesi,Offline,StyleCraft,2000,2003.0,closed,[]
STR-0137,Camellia Wear - Bandung,BRND-023,Bandung,West Java,Offline,StyleCraft,2007,,active,[]
STR-0138,Camellia Wear - Tangerang,BRND-023,Tangerang,Banten,Offline,StyleCraft,2003,,active,[]
STR-0139,Camellia Wear - Tanjung Pinang,BRND-023,Tanjung Pinang,Riau Islands,Offline,StyleCraft,2013,,active,[]
STR-0140,Trailster - Cirebon,BRND-024,Cirebon,West Java,Offline,StyleCraft,2002,,active,[]
STR-0141,Trailster - Bekasi,BRND-024,Bekasi,West Java,Offline,StyleCraft,2018,,active,[]
STR-0142,Trailster - Medan,BRND-024,Medan,North Sumatra,Offline,StyleCraft,2019,,active,"[7, 8, 9]"
STR-0143,Cathley - Surakarta,BRND-025,Surakarta,Central Java,Offline,StyleCraft,2013,,active,[]
STR-0144,Cathley - Bogor,BRND-025,Bogor,West Java,Offline,StyleCraft,2007,,active,[]
STR-0145,Cathley - Pangkal Pinang,BRND-025,Pangkal Pinang,Bangka Belitung Islands,Offline,StyleCraft,2017,,active,[]
STR-0146,Cathley - Balikpapan,BRND-025,Balikpapan,East Kalimantan,Offline,StyleCraft,2001,,active,[]
STR-0147,Club Culture - Bekasi,BRND-026,Bekasi,West Java,Offline,StyleCraft,2016,,active,"[8, 9]"
STR-0148,Club Culture - Mataram,BRND-026,Mataram,West Nusa Tenggara,Offline,StyleCraft,2016,,active,[]
STR-0149,CottonUp - Sidoarjo,BRND-027,Sidoarjo,East Java,Offline,StyleCraft,2002,,active,[]
STR-0150,CottonUp - Bandung,BRND-027,Bandung,West Java,Offline,StyleCraft,2005,,active,[]
STR-0151,CottonUp - Gorontalo City,BRND-027,Gorontalo City,Gorontalo,Offline,StyleCraft,2019,,active,[]
STR-0152,CottonUp - Makassar,BRND-027,Makassar,South Sulawesi,Offline,StyleCraft,2009,,active,[]
STR-0153,CottonUp - Yogyakarta,BRND-027,Yogyakarta,Special Region of Yogyakarta,Offline,StyleCraft,2022,,active,[]
STR-0154,Funkwear - Surakarta,BRND-028,Surakarta,Central Java,Offline,StyleCraft,2015,,active,[]
STR-0155,Funkwear - Pontianak,BRND-028,Pontianak,West Kalimantan,Offline,StyleCraft,2020,2028.0,active,[]
STR-0156,Funkwear - Tanjung Selor,BRND-028,Tanjung Selor,North Kalimantan,Offline,StyleCraft,2023,,active,[]
STR-0157,Funkwear - Tangerang,BRND-028,Tangerang,Banten,Offline,StyleCraft,2001,2008.0,closed,[1]
STR-0158,Funkwear - Bandar Lampung,BRND-028,Bandar Lampung,Lampung,Offline,StyleCraft,2003,,active,[]
STR-0159,DKNYX - Semarang,BRND-029,Semarang,Central Java,Offline,StyleCraft,2018,,active,[]
STR-0160,DKNYX - Tangerang,BRND-029,Tangerang,Banten,Offline,StyleCraft,2011,,active,[]
STR-0161,DKNYX - Semarang,BRND-029,Semarang,Central Java,Offline,StyleCraft,2000,,active,[]
STR-0162,DKNYX - Gorontalo City,BRND-029,Gorontalo City,Gorontalo,Offline,StyleCraft,2006,,active,[]
STR-0163,DKNYX - Bogor,BRND-029,Bogor,West Java,Offline,StyleCraft,2009,,active,[]
STR-0164,Dorothy P. - Bogor,BRND-030,Bogor,West Java,Offline,StyleCraft,2002,,active,[]
STR-0165,Dorothy P. - Depok,BRND-030,Depok,West Java,Offline,StyleCraft,2005,,active,[]
STR-0166,Dorothy P. - Serang,BRND-030,Serang,Banten,Offline,StyleCraft,2017,,active,"[7, 8]"
STR-0167,Dorothy P. - Depok,BRND-030,Depok,West Java,Offline,StyleCraft,2005,,active,[]
STR-0168,Dorothy P. - Semarang,BRND-030,Semarang,Central Java,Offline,StyleCraft,2014,,active,[]
STR-0169,Dorothy P. - Bengkulu City,BRND-030,Bengkulu City,Bengkulu,Offline,StyleCraft,2010,,active,[]
STR-0170,Dorothy P. - Manado,BRND-030,Manado,North Sulawesi,Offline,StyleCraft,2022,,active,[]
STR-0171,Dorothy P. - Jakarta,BRND-030,Jakarta,DKI Jakarta,Offline,StyleCraft,2005,,active,[]
STR-0172,Dorothy P. - Palembang,BRND-030,Palembang,South Sumatra,Offline,StyleCraft,2021,,active,[2]
STR-0173,Dorothy P. - Kendari,BRND-030,Kendari,Southeast Sulawesi,Offline,StyleCraft,2018,,active,[]
STR-0174,Doc Marto - Palembang,BRND-031,Palembang,South Sumatra,Offline,StyleCraft,2023,,active,[]
STR-0175,Doc Marto - Tangerang,BRND-031,Tangerang,Banten,Offline,StyleCraft,2023,2028.0,active,[]
STR-0176,FCUQ - Bekasi,BRND-032,Bekasi,West Java,Offline,StyleCraft,2007,,active,[]
STR-0177,FCUQ - Surakarta,BRND-032,Surakarta,Central Java,Offline,StyleCraft,2001,,active,[]
STR-0178,FCUQ - Tanjung Pinang,BRND-032,Tanjung Pinang,Riau Islands,Offline,StyleCraft,2018,,active,[4]
STR-0179,FCUQ - Surakarta,BRND-032,Surakarta,Central Java,Offline,StyleCraft,2006,2014.0,closed,"[9, 10, 11]"
STR-0180,FCUQ - Jakarta,BRND-032,Jakarta,DKI Jakarta,Offline,StyleCraft,2017,,active,[]
STR-0181,FCUQ - Sorong,BRND-032,Sorong,Southwest Papua,Offline,StyleCraft,2009,,active,[]
STR-0182,Forever Nu - Bengkulu City,BRND-033,Bengkulu City,Bengkulu,Offline,StyleCraft,2002,,active,"[10, 11, 12]"
STR-0183,Forever Nu - Bandar Lampung,BRND-033,Bandar Lampung,Lampung,Offline,StyleCraft,2007,,active,"[5, 6]"
STR-0184,Forever Nu - Depok,BRND-033,Depok,West Java,Offline,StyleCraft,2001,,active,[]
STR-0185,Forever Nu - Bogor,BRND-033,Bogor,West Java,Offline,StyleCraft,2022,,active,[]
STR-0186,Forever Nu - Merauke,BRND-033,Merauke,South Papua,Offline,StyleCraft,2014,,active,[]
STR-0187,Forever Nu - Bekasi,BRND-033,Bekasi,West Java,Offline,StyleCraft,2021,,active,[]
STR-0188,Forever Nu - Merauke,BRND-033,Merauke,South Papua,Offline,StyleCraft,2014,,active,[]
STR-0189,Forever Nu - Tangerang,BRND-033,Tangerang,Banten,Offline,StyleCraft,2021,,active,[]
STR-0190,Forever Nu - Malang,BRND-033,Malang,East Java,Offline,StyleCraft,2016,,active,[]
STR-0191,Hossina - Surakarta,BRND-034,Surakarta,Central Java,Offline,StyleCraft,2010,,active,[]
STR-0192,Hossina - Sidoarjo,BRND-034,Sidoarjo,East Java,Offline,StyleCraft,2025,,active,[]
STR-0193,Hossina - Serang,BRND-034,Serang,Banten,Offline,StyleCraft,2014,,active,[]
STR-0194,Hossina - Mataram,BRND-034,Mataram,West Nusa Tenggara,Offline,StyleCraft,2019,,active,[]
STR-0195,Kippo Bags - Tanjung Pinang,BRND-035,Tanjung Pinang,Riau Islands,Offline,StyleCraft,2021,2029.0,active,[]
STR-0196,Linora - Bogor,BRND-036,Bogor,West Java,Offline,StyleCraft,2024,,active,[]
STR-0197,Luvéa - Surabaya,BRND-037,Surabaya,East Java,Offline,StyleCraft,2001,,active,[]
STR-0198,Luvéa - Jakarta,BRND-037,Jakarta,DKI Jakarta,Offline,StyleCraft,2001,,active,[]
STR-0199,Luvéa - Bandar Lampung,BRND-037,Bandar Lampung,Lampung,Offline,StyleCraft,2001,,active,[]
STR-0200,Luvéa - Bogor,BRND-037,Bogor,West Java,Offline,StyleCraft,2007,,active,[]
STR-0201,Luvéa - Pangkal Pinang,BRND-037,Pangkal Pinang,Bangka Belitung Islands,Offline,StyleCraft,2011,2015.0,closed,[]
STR-0202,Lacoria - Bandung,BRND-038,Bandung,West Java,Offline,StyleCraft,2008,,active,[]
STR-0203,Mangoa - Samarinda,BRND-039,Samarinda,East Kalimantan,Offline,StyleCraft,2017,,active,[]
STR-0204,Mangoa - Pekanbaru,BRND-039,Pekanbaru,Riau,Offline,StyleCraft,2019,,active,[]
STR-0205,Mangoa - Sidoarjo,BRND-039,Sidoarjo,East Java,Offline,StyleCraft,2007,,active,"[3, 4]"
STR-0206,Mangoa - Serang,BRND-039,Serang,Banten,Offline,StyleCraft,2022,,active,[]
STR-0207,Mangoa - Malang,BRND-039,Malang,East Java,Offline,StyleCraft,2013,,active,[]
STR-0208,Mangoa - Cirebon,BRND-039,Cirebon,West Java,Offline,StyleCraft,2013,,active,[]
STR-0209,Mangoa - Bogor,BRND-039,Bogor,West Java,Offline,StyleCraft,2014,,active,[]
STR-0210,Mangoa - Manado,BRND-039,Manado,North Sulawesi,Offline,StyleCraft,2001,,active,[]
STR-0211,Mangoa - Denpasar,BRND-039,Denpasar,Bali,Offline,StyleCraft,2023,,active,[]
STR-0212,Mangoa - Tangerang,BRND-039,Tangerang,Banten,Offline,StyleCraft,2007,,active,[]
STR-0213,Mark & Spencerly - Jambi City,BRND-040,Jambi City,Jambi,Offline,StyleCraft,2011,,active,[]
STR-0214,Mark & Spencerly - Gorontalo City,BRND-040,Gorontalo City,Gorontalo,Offline,StyleCraft,2001,,active,[]
STR-0215,Massimo Dotti - Depok,BRND-041,Depok,West Java,Offline,StyleCraft,2016,,active,[]
STR-0216,Massimo Dotti - Surakarta,BRND-041,Surakarta,Central Java,Offline,StyleCraft,2012,,active,[]
STR-0217,Maxelle - Semarang,BRND-042,Semarang,Central Java,Offline,StyleCraft,2025,,active,[]
STR-0218,Maxelle - Ambon,BRND-042,Ambon,Maluku,Offline,StyleCraft,2016,,active,[]
STR-0219,Maxelle - Bengkulu City,BRND-042,Bengkulu City,Bengkulu,Offline,StyleCraft,2013,,active,[]
STR-0220,Maxelle - Cirebon,BRND-042,Cirebon,West Java,Offline,StyleCraft,2013,,active,[]
STR-0221,Maxmora - Semarang,BRND-043,Semarang,Central Java,Offline,StyleCraft,2020,,active,[]
STR-0222,Maxmora - Mamuju,BRND-043,Mamuju,West Sulawesi,Offline,StyleCraft,2023,,active,[]
STR-0223,Maxmora - Palembang,BRND-043,Palembang,South Sumatra,Offline,StyleCraft,2004,,active,[]
STR-0224,Mee Too - Mataram,BRND-044,Mataram,West Nusa Tenggara,Offline,StyleCraft,2013,,active,[]
STR-0225,Mee Too - Depok,BRND-044,Depok,West Java,Offline,StyleCraft,2001,,active,[]
STR-0226,Missy S. - Tanjung Pinang,BRND-045,Tanjung Pinang,Riau Islands,Offline,StyleCraft,2000,,active,[]
STR-0227,Missy S. - Tangerang,BRND-045,Tangerang,Banten,Offline,StyleCraft,2018,,active,[]
STR-0228,Missy S. - Jambi City,BRND-045,Jambi City,Jambi,Offline,StyleCraft,2006,,active,"[4, 5]"
STR-0229,Missy S. - Sidoarjo,BRND-045,Sidoarjo,East Java,Offline,StyleCraft,2008,,active,"[11, 12]"
STR-0230,Missy S. - Samarinda,BRND-045,Samarinda,East Kalimantan,Offline,StyleCraft,2002,2007.0,closed,[]
STR-0231,Missy S. - Sidoarjo,BRND-045,Sidoarjo,East Java,Offline,StyleCraft,2012,2016.0,closed,[]
STR-0232,Missy S. - Depok,BRND-045,Depok,West Java,Offline,StyleCraft,2007,,active,[]
STR-0233,Oceanica - Sorong,BRND-046,Sorong,Southwest Papua,Offline,StyleCraft,2022,,active,[]
STR-0234,Oceanica - Serang,BRND-046,Serang,Banten,Offline,StyleCraft,2000,,active,[]
STR-0235,Oceanica - Surabaya,BRND-046,Surabaya,East Java,Offline,StyleCraft,2014,,active,[]
STR-0236,NineWeston - Tangerang,BRND-047,Tangerang,Banten,Offline,StyleCraft,2020,,active,[]
STR-0237,NineWeston - Balikpapan,BRND-047,Balikpapan,East Kalimantan,Offline,StyleCraft,2016,,active,[]
STR-0238,NineWeston - Semarang,BRND-047,Semarang,Central Java,Offline,StyleCraft,2017,,active,[]
STR-0239,NineWeston - Serang,BRND-047,Serang,Banten,Offline,StyleCraft,2017,,active,[]
STR-0240,NineWeston - Gorontalo City,BRND-047,Gorontalo City,Gorontalo,Offline,StyleCraft,2023,,active,[]
STR-0241,NineWeston - Pontianak,BRND-047,Pontianak,West Kalimantan,Offline,StyleCraft,2010,2015.0,closed,[]
STR-0242,NineWeston - Tanjung Pinang,BRND-047,Tanjung Pinang,Riau Islands,Offline,StyleCraft,2015,,active,[]
STR-0243,NewLooks - Bandung,BRND-048,Bandung,West Java,Offline,StyleCraft,2015,,active,[]
STR-0244,NewLooks - Depok,BRND-048,Depok,West Java,Offline,StyleCraft,2018,,active,[]
STR-0245,NewLooks - Depok,BRND-048,Depok,West Java,Offline,StyleCraft,2020,,active,[]
STR-0246,NewLooks - Tangerang,BRND-048,Tangerang,Banten,Offline,StyleCraft,2017,,active,[]
STR-0247,NewLooks - Yogyakarta,BRND-048,Yogyakarta,Special Region of Yogyakarta,Offline,StyleCraft,2023,,active,[]
STR-0248,NewLooks - Bekasi,BRND-048,Bekasi,West Java,Offline,StyleCraft,2000,,active,[]
STR-0249,NewLooks - Bandar Lampung,BRND-048,Bandar Lampung,Lampung,Offline,StyleCraft,2003,2010.0,closed,[]
STR-0250,NewLooks - Jakarta,BRND-048,Jakarta,DKI Jakarta,Offline,StyleCraft,2017,,active,[]
STR-0251,NewLooks - Kendari,BRND-048,Kendari,Southeast Sulawesi,Offline,StyleCraft,2018,,active,[]
STR-0252,Mirage Wear - Bekasi,BRND-049,Bekasi,West Java,Offline,StyleCraft,2021,2024.0,closed,[9]
STR-0253,Mirage Wear - Palangkaraya,BRND-049,Palangkaraya,Central Kalimantan,Offline,StyleCraft,2006,,active,[]
STR-0254,Mirage Wear - Surakarta,BRND-049,Surakarta,Central Java,Offline,StyleCraft,2007,,active,"[9, 10, 11]"
STR-0255,Mirage Wear - Pontianak,BRND-049,Pontianak,West Kalimantan,Offline,StyleCraft,2005,,active,[]
STR-0256,Mirage Wear - Depok,BRND-049,Depok,West Java,Offline,StyleCraft,2001,,active,[10]
STR-0257,Mirage Wear - Cirebon,BRND-049,Cirebon,West Java,Offline,StyleCraft,2013,,active,[]
STR-0258,Pandira - Depok,BRND-050,Depok,West Java,Offline,StyleCraft,2005,,active,[]
STR-0259,Pandira - Tanjung Pinang,BRND-050,Tanjung Pinang,Riau Islands,Offline,StyleCraft,2015,,active,[]
STR-0260,Pandira - Semarang,BRND-050,Semarang,Central Java,Offline,StyleCraft,2005,,active,[]
STR-0261,Pandira - Jambi City,BRND-050,Jambi City,Jambi,Offline,StyleCraft,2015,,active,[]
STR-0262,Pandira - Depok,BRND-050,Depok,West Java,Offline,StyleCraft,2000,,active,"[9, 10]"
STR-0263,Pandira - Malang,BRND-050,Malang,East Java,Offline,StyleCraft,2020,,active,[]
STR-0264,Pandira - Surakarta,BRND-050,Surakarta,Central Java,Offline,StyleCraft,2023,2029.0,active,[]
STR-0265,Pandira - Banda Aceh,BRND-050,Banda Aceh,Aceh,Offline,StyleCraft,2006,,active,[]
STR-0266,Pandira - Sidoarjo,BRND-050,Sidoarjo,East Java,Offline,StyleCraft,2011,,active,[]
STR-0267,Pandira - Gorontalo City,BRND-050,Gorontalo City,Gorontalo,Offline,StyleCraft,2024,,active,[]
STR-0268,Pretty Step - Yogyakarta,BRND-051,Yogyakarta,Special Region of Yogyakarta,Offline,StyleCraft,2015,,active,[]
STR-0269,Pretty Step - Medan,BRND-051,Medan,North Sumatra,Offline,StyleCraft,2011,,active,[]
STR-0270,Pretty Step - Pontianak,BRND-051,Pontianak,West Kalimantan,Offline,StyleCraft,2022,,active,[]
STR-0271,Pretty Step - Bandung,BRND-051,Bandung,West Java,Offline,StyleCraft,2021,,active,[]
STR-0272,Pretty Step - Palembang,BRND-051,Palembang,South Sumatra,Offline,StyleCraft,2014,2018.0,closed,[]
STR-0273,Pretty Step - Bekasi,BRND-051,Bekasi,West Java,Offline,StyleCraft,2023,,active,[12]
STR-0274,Pretty Step - Bandung,BRND-051,Bandung,West Java,Offline,StyleCraft,2014,,active,[]
STR-0275,Pretty Step - Bandar Lampung,BRND-051,Bandar Lampung,Lampung,Offline,StyleCraft,2017,2024.0,closed,[]
STR-0276,Pretty Step - Banda Aceh,BRND-051,Banda Aceh,Aceh,Offline,StyleCraft,2011,,active,[]
STR-0277,Pull&Bend - Medan,BRND-052,Medan,North Sumatra,Offline,StyleCraft,2024,,active,[]
STR-0278,Pull&Bend - Bandung,BRND-052,Bandung,West Java,Offline,StyleCraft,2020,,active,[]
STR-0279,Pull&Bend - Surabaya,BRND-052,Surabaya,East Java,Offline,StyleCraft,2015,,active,[]
STR-0280,Pull&Bend - Sidoarjo,BRND-052,Sidoarjo,East Java,Offline,StyleCraft,2016,2023.0,closed,[]
STR-0281,Spanique - Denpasar,BRND-053,Denpasar,Bali,Offline,StyleCraft,2006,,active,[]
STR-0282,Spanique - Samarinda,BRND-053,Samarinda,East Kalimantan,Offline,StyleCraft,2007,2012.0,closed,[]
STR-0283,Spanique - Pangkal Pinang,BRND-053,Pangkal Pinang,Bangka Belitung Islands,Offline,StyleCraft,2023,,active,[10]
STR-0284,Spanique - Surabaya,BRND-053,Surabaya,East Java,Offline,StyleCraft,2012,,active,[]
STR-0285,Spanique - Bekasi,BRND-053,Bekasi,West Java,Offline,StyleCraft,2014,,active,[]
STR-0286,Spanique - Palangkaraya,BRND-053,Palangkaraya,Central Kalimantan,Offline,StyleCraft,2020,,active,[]
STR-0287,Spanique - Semarang,BRND-053,Semarang,Central Java,Offline,StyleCraft,2007,,active,[]
STR-0288,Spanique - Kendari,BRND-053,Kendari,Southeast Sulawesi,Offline,StyleCraft,2005,,active,[]
STR-0289,Sole Effect - Bogor,BRND-054,Bogor,West Java,Offline,StyleCraft,2016,,active,[]
STR-0290,Sole Effect - Cirebon,BRND-054,Cirebon,West Java,Offline,StyleCraft,2000,,active,[]
STR-0291,Sole Effect - Serang,BRND-054,Serang,Banten,Offline,StyleCraft,2017,,active,[]
STR-0292,Sole Effect - Pekanbaru,BRND-054,Pekanbaru,Riau,Offline,StyleCraft,2017,,active,[]
STR-0293,Sole Effect - Surabaya,BRND-054,Surabaya,East Java,Offline,StyleCraft,2017,,active,[]
STR-0294,Sole Effect - Cirebon,BRND-054,Cirebon,West Java,Offline,StyleCraft,2024,,active,[]
STR-0295,Sole Effect - Semarang,BRND-054,Semarang,Central Java,Offline,StyleCraft,2016,,active,[]
STR-0296,Sole Effect - Denpasar,BRND-054,Denpasar,Bali,Offline,StyleCraft,2021,,active,"[5, 6, 7]"
STR-0297,Sole Effect - Pekanbaru,BRND-054,Pekanbaru,Riau,Offline,StyleCraft,2015,,active,"[8, 9]"
STR-0298,Staccato - Bogor,BRND-055,Bogor,West Java,Offline,StyleCraft,2013,,active,[]
STR-0299,Staccato - Medan,BRND-055,Medan,North Sumatra,Offline,StyleCraft,2002,,active,[]
STR-0300,Staccato - Malang,BRND-055,Malang,East Java,Offline,StyleCraft,2015,,active,[]
STR-0301,Staccato - Malang,BRND-055,Malang,East Java,Offline,StyleCraft,2007,,active,[]
STR-0302,MaddenStep - Bandar Lampung,BRND-056,Bandar Lampung,Lampung,Offline,StyleCraft,2000,2006.0,closed,[]
STR-0303,MaddenStep - Mamuju,BRND-056,Mamuju,West Sulawesi,Offline,StyleCraft,2004,,active,[]
STR-0304,MaddenStep - Semarang,BRND-056,Semarang,Central Java,Offline,StyleCraft,2025,,active,[]
STR-0305,MaddenStep - Denpasar,BRND-056,Denpasar,Bali,Offline,StyleCraft,2020,,active,[]
STR-0306,MaddenStep - Banda Aceh,BRND-056,Banda Aceh,Aceh,Offline,StyleCraft,2020,2024.0,closed,[]
STR-0307,MaddenStep - Surabaya,BRND-056,Surabaya,East Java,Offline,StyleCraft,2017,,active,[]
STR-0308,MelodyWear - Sidoarjo,BRND-057,Sidoarjo,East Java,Offline,StyleCraft,2025,,active,[]
STR-0309,MelodyWear - Yogyakarta,BRND-057,Yogyakarta,Special Region of Yogyakarta,Offline,StyleCraft,2017,,active,[]
STR-0310,MelodyWear - Pangkal Pinang,BRND-057,Pangkal Pinang,Bangka Belitung Islands,Offline,StyleCraft,2001,,active,[]
STR-0311,MelodyWear - Malang,BRND-057,Malang,East Java,Offline,StyleCraft,2015,,active,[]
STR-0312,MelodyWear - Surabaya,BRND-057,Surabaya,East Java,Offline,StyleCraft,2012,,active,[]
STR-0313,MelodyWear - Tanjung Pinang,BRND-057,Tanjung Pinang,Riau Islands,Offline,StyleCraft,2010,,active,[]
STR-0314,BlancoSuite - Sorong,BRND-058,Sorong,Southwest Papua,Offline,StyleCraft,2010,,active,[]
STR-0315,Crystaluna - Surakarta,BRND-059,Surakarta,Central Java,Offline,StyleCraft,2005,,active,[]
STR-0316,Thomas P. - Bandung,BRND-060,Bandung,West Java,Offline,StyleCraft,2009,2015.0,closed,[]
STR-0317,Topstreet - Serang,BRND-061,Serang,Banten,Offline,StyleCraft,2000,,active,[]
STR-0318,Topstreet - Surabaya,BRND-061,Surabaya,East Java,Offline,StyleCraft,2005,,active,[]
STR-0319,Zavana - Surabaya,BRND-062,Surabaya,East Java,Offline,StyleCraft,2017,,active,[]
STR-0320,Zavana - Semarang,BRND-062,Semarang,Central Java,Offline,StyleCraft,2009,,active,[]
STR-0321,Walliza - Malang,BRND-063,Malang,East Java,Offline,StyleCraft,2017,,active,[]
STR-0322,Walliza - Bogor,BRND-063,Bogor,West Java,Offline,StyleCraft,2015,,active,[1]
STR-0323,Walliza - Gorontalo City,BRND-063,Gorontalo City,Gorontalo,Offline,StyleCraft,2009,,active,[]
STR-0324,Walliza - Malang,BRND-063,Malang,East Java,Offline,StyleCraft,2020,2023.0,closed,[]
STR-0325,Walliza - Mataram,BRND-063,Mataram,West Nusa Tenggara,Offline,StyleCraft,2024,,active,[]
STR-0326,Walliza - Balikpapan,BRND-063,Balikpapan,East Kalimantan,Offline,StyleCraft,2001,,active,[]
STR-0327,Walliza - Surabaya,BRND-063,Surabaya,East Java,Offline,StyleCraft,2014,,active,[]
STR-0328,Walliza - Semarang,BRND-063,Semarang,Central Java,Offline,StyleCraft,2013,,active,[]
STR-0329,Storeroom - Denpasar,BRND-064,Denpasar,Bali,Offline,StyleCraft,2006,,active,[]
STR-0330,Nykora - Yogyakarta,BRND-065,Yogyakarta,Special Region of Yogyakarta,Offline,ActiveCore,2017,2020.0,closed,[]
STR-0331,Nykora - Cirebon,BRND-065,Cirebon,West Java,Offline,ActiveCore,2019,,active,[2]
STR-0332,Nykora - Depok,BRND-065,Depok,West Java,Offline,ActiveCore,2015,,active,[]
STR-0333,Nykora - Surakarta,BRND-065,Surakarta,Central Java,Offline,ActiveCore,2018,,active,[]
STR-0334,Nykora - Tangerang,BRND-065,Tangerang,Banten,Offline,ActiveCore,2004,,active,[]
STR-0335,Nykora - Bogor,BRND-065,Bogor,West Java,Offline,ActiveCore,2018,,active,[]
STR-0336,Nykora - Bogor,BRND-065,Bogor,West Java,Offline,ActiveCore,2008,,active,[]
STR-0337,Nykora - Tangerang,BRND-065,Tangerang,Banten,Offline,ActiveCore,2024,,active,"[11, 12]"
STR-0338,Nykora - Semarang,BRND-065,Semarang,Central Java,Offline,ActiveCore,2025,2028.0,active,[]
STR-0339,Nykora - Cirebon,BRND-065,Cirebon,West Java,Offline,ActiveCore,2000,,active,[]
STR-0340,Dashdas - Bekasi,BRND-066,Bekasi,West Java,Offline,ActiveCore,2009,,active,"[12, 1]"
STR-0341,Dashdas - Samarinda,BRND-066,Samarinda,East Kalimantan,Offline,ActiveCore,2007,,active,[]
STR-0342,Dashdas - Serang,BRND-066,Serang,Banten,Offline,ActiveCore,2001,,active,[8]
STR-0343,Dashdas - Samarinda,BRND-066,Samarinda,East Kalimantan,Offline,ActiveCore,2020,2024.0,closed,[]
STR-0344,Corvane - Kendari,BRND-067,Kendari,Southeast Sulawesi,Offline,ActiveCore,2020,2027.0,active,[]
STR-0345,Corvane - Tanjung Pinang,BRND-067,Tanjung Pinang,Riau Islands,Offline,ActiveCore,2022,,active,[]
STR-0346,Corvane - Malang,BRND-067,Malang,East Java,Offline,ActiveCore,2010,,active,[]
STR-0347,Corvane - Semarang,BRND-067,Semarang,Central Java,Offline,ActiveCore,2018,,active,[]
STR-0348,Corvane - Makassar,BRND-067,Makassar,South Sulawesi,Offline,ActiveCore,2010,,active,[]
STR-0349,Corvane - Palembang,BRND-067,Palembang,South Sumatra,Offline,ActiveCore,2023,,active,[]
STR-0350,Corvane - Surabaya,BRND-067,Surabaya,East Java,Offline,ActiveCore,2025,,active,"[1, 2, 3]"
STR-0351,Corvane - Surabaya,BRND-067,Surabaya,East Java,Offline,ActiveCore,2004,,active,[]
STR-0352,Skechura - Denpasar,BRND-068,Denpasar,Bali,Offline,ActiveCore,2015,2020.0,closed,[]
STR-0353,Skechura - Denpasar,BRND-068,Denpasar,Bali,Offline,ActiveCore,2025,,active,[]
STR-0354,Skechura - Semarang,BRND-068,Semarang,Central Java,Offline,ActiveCore,2012,,active,[]
STR-0355,Skechura - Surabaya,BRND-068,Surabaya,East Java,Offline,ActiveCore,2015,,active,[]
STR-0356,Skechura - Banjarmasin,BRND-068,Banjarmasin,South Kalimantan,Offline,ActiveCore,2014,,active,[]
STR-0357,Skechura - Jakarta,BRND-068,Jakarta,DKI Jakarta,Offline,ActiveCore,2005,,active,[]
STR-0358,Skechura - Padang,BRND-068,Padang,West Sumatra,Offline,ActiveCore,2008,,active,[]
STR-0359,Skechura - Denpasar,BRND-068,Denpasar,Bali,Offline,ActiveCore,2008,,active,[]
STR-0360,Skechura - Padang,BRND-068,Padang,West Sumatra,Offline,ActiveCore,2010,,active,[]
STR-0361,Skechura - Bekasi,BRND-068,Bekasi,West Java,Offline,ActiveCore,2009,,active,[]
STR-0362,KickVault - Tangerang,BRND-069,Tangerang,Banten,Offline,ActiveCore,2000,,active,[]
STR-0363,KickVault - Sidoarjo,BRND-069,Sidoarjo,East Java,Offline,ActiveCore,2007,,active,[]
STR-0364,KickVault - Jakarta,BRND-069,Jakarta,DKI Jakarta,Offline,ActiveCore,2021,2028.0,active,[]
STR-0365,KickVault - Medan,BRND-069,Medan,North Sumatra,Offline,ActiveCore,2003,,active,[]
STR-0366,KickVault - Tanjung Pinang,BRND-069,Tanjung Pinang,Riau Islands,Offline,ActiveCore,2013,,active,[]
STR-0367,Orbit Sports - Surakarta,BRND-070,Surakarta,Central Java,Offline,ActiveCore,2020,,active,[]
STR-0368,Orbit Sports - Bogor,BRND-070,Bogor,West Java,Offline,ActiveCore,2019,,active,[]
STR-0369,The Athlete’s Sole - Malang,BRND-071,Malang,East Java,Offline,ActiveCore,2000,,active,[]
STR-0370,The Athlete’s Sole - Bandung,BRND-071,Bandung,West Java,Offline,ActiveCore,2005,,active,[]
STR-0371,The Athlete’s Sole - Sidoarjo,BRND-071,Sidoarjo,East Java,Offline,ActiveCore,2002,,active,[]
STR-0372,The Athlete’s Sole - Bogor,BRND-071,Bogor,West Java,Offline,ActiveCore,2015,,active,[]
STR-0373,The Athlete’s Sole - Palangkaraya,BRND-071,Palangkaraya,Central Kalimantan,Offline,ActiveCore,2021,,active,[]
STR-0374,The Athlete’s Sole - Bandung,BRND-071,Bandung,West Java,Offline,ActiveCore,2002,2009.0,closed,"[9, 10, 11]"
STR-0375,Sportia Station - Bandung,BRND-072,Bandung,West Java,Offline,ActiveCore,2016,,active,[]
STR-0376,Sportia Station - Samarinda,BRND-072,Samarinda,East Kalimantan,Offline,ActiveCore,2006,,active,[]
STR-0377,Sportia Station - Serang,BRND-072,Serang,Banten,Offline,ActiveCore,2008,,active,[]
STR-0378,Sportia Station - Surakarta,BRND-072,Surakarta,Central Java,Offline,ActiveCore,2008,,active,[]
STR-0379,SoccerHub - Denpasar,BRND-073,Denpasar,Bali,Offline,ActiveCore,2025,,active,[]
STR-0380,SoccerHub - Manado,BRND-073,Manado,North Sulawesi,Offline,ActiveCore,2025,2030.0,active,[]
STR-0381,SoccerHub - Bogor,BRND-073,Bogor,West Java,Offline,ActiveCore,2021,,active,[]
STR-0382,SoccerHub - Bekasi,BRND-073,Bekasi,West Java,Offline,ActiveCore,2011,,active,[]
STR-0383,SoccerHub - Surabaya,BRND-073,Surabaya,East Java,Offline,ActiveCore,2010,,active,[]
STR-0384,SoccerHub - Padang,BRND-073,Padang,West Sumatra,Offline,ActiveCore,2018,,active,[]
STR-0385,SoccerHub - Yogyakarta,BRND-073,Yogyakarta,Special Region of Yogyakarta,Offline,ActiveCore,2018,2023.0,closed,[]
STR-0386,SoccerHub - Bogor,BRND-073,Bogor,West Java,Offline,ActiveCore,2008,,active,[]
STR-0387,SoccerHub - Tangerang,BRND-073,Tangerang,Banten,Offline,ActiveCore,2003,2007.0,closed,[]
STR-0388,SportsDepot - Bekasi,BRND-074,Bekasi,West Java,Offline,ActiveCore,2013,,active,[12]
STR-0389,ArenaX - Jambi City,BRND-075,Jambi City,Jambi,Offline,ActiveCore,2021,,active,[]
STR-0390,ArenaX - Sorong,BRND-075,Sorong,Southwest Papua,Offline,ActiveCore,2016,,active,[]
STR-0391,ArenaX - Denpasar,BRND-075,Denpasar,Bali,Offline,ActiveCore,2024,,active,[]
STR-0392,ArenaX - Bekasi,BRND-075,Bekasi,West Java,Offline,ActiveCore,2019,,active,"[8, 9]"
STR-0393,ArenaX - Depok,BRND-075,Depok,West Java,Offline,ActiveCore,2023,,active,"[12, 1, 2]"
STR-0394,Rebolt - Semarang,BRND-076,Semarang,Central Java,Offline,ActiveCore,2004,,active,[]
STR-0395,Rebolt - Bandung,BRND-076,Bandung,West Java,Offline,ActiveCore,2017,,active,[11]
STR-0396,Rebolt - Yogyakarta,BRND-076,Yogyakarta,Special Region of Yogyakarta,Offline,ActiveCore,2014,,active,[]
STR-0397,Rebolt - Padang,BRND-076,Padang,West Sumatra,Offline,ActiveCore,2021,,active,[]
STR-0398,Rebolt - Palangkaraya,BRND-076,Palangkaraya,Central Kalimantan,Offline,ActiveCore,2019,,active,[]
STR-0399,Rebolt - Bogor,BRND-076,Bogor,West Java,Offline,ActiveCore,2009,2015.0,closed,[]
STR-0400,Rebolt - Bekasi,BRND-076,Bekasi,West Java,Offline,ActiveCore,2020,,active,[]
STR-0401,Rebolt - Depok,BRND-076,Depok,West Java,Offline,ActiveCore,2014,,active,[]
STR-0402,Rebolt - Surabaya,BRND-076,Surabaya,East Java,Offline,ActiveCore,2019,,active,[]
STR-0403,Rebolt - Surabaya,BRND-076,Surabaya,East Java,Offline,ActiveCore,2025,,active,[]
STR-0404,Solevo - Surakarta,BRND-077,Surakarta,Central Java,Offline,ActiveCore,2008,,active,[]
STR-0405,Solevo - Surakarta,BRND-077,Surakarta,Central Java,Offline,ActiveCore,2004,,active,[]
STR-0406,Solevo - Palu,BRND-077,Palu,Central Sulawesi,Offline,ActiveCore,2014,,active,"[12, 1, 2]"
STR-0407,Solevo - Sofifi,BRND-077,Sofifi,North Maluku,Offline,ActiveCore,2001,2008.0,closed,[]
STR-0408,Solevo - Palu,BRND-077,Palu,Central Sulawesi,Offline,ActiveCore,2016,,active,[]
STR-0409,Solevo - Depok,BRND-077,Depok,West Java,Offline,ActiveCore,2003,2008.0,closed,[]
STR-0410,Rockfort - Yogyakarta,BRND-078,Yogyakarta,Special Region of Yogyakarta,Offline,ActiveCore,2015,,active,[]
STR-0411,Rockfort - Yogyakarta,BRND-078,Yogyakarta,Special Region of Yogyakarta,Offline,ActiveCore,2020,2027.0,active,[]
STR-0412,Rockfort - Sidoarjo,BRND-078,Sidoarjo,East Java,Offline,ActiveCore,2022,,active,[]
STR-0413,Rockfort - Sidoarjo,BRND-078,Sidoarjo,East Java,Offline,ActiveCore,2001,,active,[]
STR-0414,Rockfort - Sidoarjo,BRND-078,Sidoarjo,East Java,Offline,ActiveCore,2022,,active,[]
STR-0415,Rockfort - Tangerang,BRND-078,Tangerang,Banten,Offline,ActiveCore,2004,,active,[]
STR-0416,Rockfort - Denpasar,BRND-078,Denpasar,Bali,Offline,ActiveCore,2025,,active,[]
STR-0417,Rockfort - Denpasar,BRND-078,Denpasar,Bali,Offline,ActiveCore,2023,,active,"[3, 4, 5]"
STR-0418,Rockfort - Bekasi,BRND-078,Bekasi,West Java,Offline,ActiveCore,2021,,active,[]
STR-0419,TrueBalance - Malang,BRND-079,Malang,East Java,Offline,ActiveCore,2015,,active,"[4, 5, 6]"
STR-0420,TrueBalance - Tanjung Selor,BRND-079,Tanjung Selor,North Kalimantan,Offline,ActiveCore,2008,,active,[]
STR-0421,TrueBalance - Manado,BRND-079,Manado,North Sulawesi,Offline,ActiveCore,2012,2017.0,closed,[]
STR-0422,TrueBalance - Sidoarjo,BRND-079,Sidoarjo,East Java,Offline,ActiveCore,2004,,active,[]
STR-0423,ShadeX - Kendari,BRND-080,Kendari,Southeast Sulawesi,Offline,ActiveCore,2007,,active,[]
STR-0424,Skystride - Palembang,BRND-081,Palembang,South Sumatra,Offline,ActiveCore,2008,,active,[]
STR-0425,Skystride - Surabaya,BRND-081,Surabaya,East Java,Offline,ActiveCore,2025,,active,[]
STR-0426,Skystride - Depok,BRND-081,Depok,West Java,Offline,ActiveCore,2015,,active,[]
STR-0427,Skystride - Malang,BRND-081,Malang,East Java,Offline,ActiveCore,2012,,active,[]
STR-0428,Skystride - Bekasi,BRND-081,Bekasi,West Java,Offline,ActiveCore,2009,,active,[]
STR-0429,HIKA - Yogyakarta,BRND-082,Yogyakarta,Special Region of Yogyakarta,Offline,ActiveCore,2021,2025.0,active,[]
STR-0430,Diaduro - Cirebon,BRND-083,Cirebon,West Java,Offline,ActiveCore,2020,,active,[9]
STR-0431,Diaduro - Depok,BRND-083,Depok,West Java,Offline,ActiveCore,2023,,active,[]
STR-0432,Diaduro - Surakarta,BRND-083,Surakarta,Central Java,Offline,ActiveCore,2017,,active,[]
STR-0433,Diaduro - Nabire,BRND-083,Nabire,Central Papua,Offline,ActiveCore,2013,,active,[]
STR-0434,Onizuka Panther - Pekanbaru,BRND-084,Pekanbaru,Riau,Offline,ActiveCore,2024,,active,[]
STR-0435,Onizuka Panther - Surabaya,BRND-084,Surabaya,East Java,Offline,ActiveCore,2008,,active,[]
STR-0436,Onizuka Panther - Cirebon,BRND-084,Cirebon,West Java,Offline,ActiveCore,2024,,active,[]
STR-0437,Onizuka Panther - Malang,BRND-084,Malang,East Java,Offline,ActiveCore,2012,,active,[]
STR-0438,Onizuka Panther - Tanjung Pinang,BRND-084,Tanjung Pinang,Riau Islands,Offline,ActiveCore,2024,,active,[]
STR-0439,Onizuka Panther - Jakarta,BRND-084,Jakarta,DKI Jakarta,Offline,ActiveCore,2009,,active,[]
STR-0440,Onizuka Panther - Mamuju,BRND-084,Mamuju,West Sulawesi,Offline,ActiveCore,2022,,active,[]
STR-0441,Onizuka Panther - Bandung,BRND-084,Bandung,West Java,Offline,ActiveCore,2004,,active,[]
STR-0442,Kiddo Station - Surabaya,BRND-085,Surabaya,East Java,Offline,KiddieWorld,2009,,active,[]
STR-0443,Kiddo Station - Balikpapan,BRND-085,Balikpapan,East Kalimantan,Offline,KiddieWorld,2005,,active,[]
STR-0444,Kiddo Station - Pangkal Pinang,BRND-085,Pangkal Pinang,Bangka Belitung Islands,Offline,KiddieWorld,2015,,active,[]
STR-0445,Kiddo Station - Tanjung Selor,BRND-085,Tanjung Selor,North Kalimantan,Offline,KiddieWorld,2022,,active,[]
STR-0446,Kiddo Station - Banda Aceh,BRND-085,Banda Aceh,Aceh,Offline,KiddieWorld,2001,,active,[]
STR-0447,DreamDoll - Palangkaraya,BRND-086,Palangkaraya,Central Kalimantan,Offline,KiddieWorld,2018,,active,[]
STR-0448,DreamDoll - Tangerang,BRND-086,Tangerang,Banten,Offline,KiddieWorld,2017,,active,[6]
STR-0449,DreamDoll - Yogyakarta,BRND-086,Yogyakarta,Special Region of Yogyakarta,Offline,KiddieWorld,2006,,active,[]
STR-0450,DreamDoll - Cirebon,BRND-086,Cirebon,West Java,Offline,KiddieWorld,2000,,active,[]
STR-0451,DreamDoll - Palu,BRND-086,Palu,Central Sulawesi,Offline,KiddieWorld,2019,,active,[]
STR-0452,OshyKoshy - Denpasar,BRND-087,Denpasar,Bali,Offline,KiddieWorld,2011,2015.0,closed,[]
STR-0453,OshyKoshy - Cirebon,BRND-087,Cirebon,West Java,Offline,KiddieWorld,2020,,active,[]
STR-0454,OshyKoshy - Nabire,BRND-087,Nabire,Central Papua,Offline,KiddieWorld,2008,,active,"[3, 4]"
STR-0455,OshyKoshy - Depok,BRND-087,Depok,West Java,Offline,KiddieWorld,2007,,active,[]
STR-0456,StrideRite Jr. - Bekasi,BRND-088,Bekasi,West Java,Offline,KiddieWorld,2007,,active,[]
STR-0457,StrideRite Jr. - Palangkaraya,BRND-088,Palangkaraya,Central Kalimantan,Offline,KiddieWorld,2024,,active,"[4, 5, 6]"
STR-0458,StrideRite Jr. - Palembang,BRND-088,Palembang,South Sumatra,Offline,KiddieWorld,2003,,active,[]
STR-0459,StrideRite Jr. - Bandung,BRND-088,Bandung,West Java,Offline,KiddieWorld,2022,,active,[]
STR-0460,StrideRite Jr. - Gorontalo City,BRND-088,Gorontalo City,Gorontalo,Offline,KiddieWorld,2013,,active,[]
STR-0461,StrideRite Jr. - Palangkaraya,BRND-088,Palangkaraya,Central Kalimantan,Offline,KiddieWorld,2008,,active,[]
STR-0462,Planet Kidsia - Gorontalo City,BRND-089,Gorontalo City,Gorontalo,Offline,KiddieWorld,2018,,active,[]
STR-0463,Planet Kidsia - Bogor,BRND-089,Bogor,West Java,Offline,KiddieWorld,2003,,active,[]
STR-0464,Planet Kidsia - Surabaya,BRND-089,Surabaya,East Java,Offline,KiddieWorld,2015,,active,[8]
STR-0465,Planet Kidsia - Banjarmasin,BRND-089,Banjarmasin,South Kalimantan,Offline,KiddieWorld,2011,,active,[]
STR-0466,Planet Kidsia - Serang,BRND-089,Serang,Banten,Offline,KiddieWorld,2005,,active,[]
STR-0467,Planet Kidsia - Merauke,BRND-089,Merauke,South Papua,Offline,KiddieWorld,2003,,active,[]
STR-0468,Planet Kidsia - Banda Aceh,BRND-089,Banda Aceh,Aceh,Offline,KiddieWorld,2004,,active,[]
STR-0469,Planet Kidsia - Bogor,BRND-089,Bogor,West Java,Offline,KiddieWorld,2017,,active,[]
STR-0470,Planet Kidsia - Bogor,BRND-089,Bogor,West Java,Offline,KiddieWorld,2020,,active,[]
STR-0471,MizuGolf - Denpasar,BRND-090,Denpasar,Bali,Offline,Fairway Co.,2008,,active,[]
STR-0472,MizuGolf - Bandung,BRND-090,Bandung,West Java,Offline,Fairway Co.,2018,,active,[]
STR-0473,MizuGolf - Jakarta,BRND-090,Jakarta,DKI Jakarta,Offline,Fairway Co.,2005,,active,[]
STR-0474,MizuGolf - Tanjung Selor,BRND-090,Tanjung Selor,North Kalimantan,Offline,Fairway Co.,2025,,active,[]
STR-0475,Dashdas Golf - Semarang,BRND-091,Semarang,Central Java,Offline,Fairway Co.,2016,,active,[]
STR-0476,Dashdas Golf - Banda Aceh,BRND-091,Banda Aceh,Aceh,Offline,Fairway Co.,2001,,active,[]
STR-0477,Dashdas Golf - Surabaya,BRND-091,Surabaya,East Java,Offline,Fairway Co.,2023,,active,"[2, 3]"
STR-0478,AdamsCore - Merauke,BRND-092,Merauke,South Papua,Offline,Fairway Co.,2011,,active,[11]
STR-0479,AdamsCore - Ambon,BRND-092,Ambon,Maluku,Offline,Fairway Co.,2008,,active,"[1, 2, 3]"
STR-0480,AdamsCore - Serang,BRND-092,Serang,Banten,Offline,Fairway Co.,2001,,active,[]
STR-0481,AdamsCore - Jambi City,BRND-092,Jambi City,Jambi,Offline,Fairway Co.,2000,,active,[]
STR-0482,AdamsCore - Mamuju,BRND-092,Mamuju,West Sulawesi,Offline,Fairway Co.,2022,,active,"[11, 12]"
STR-0483,AdamsCore - Bekasi,BRND-092,Bekasi,West Java,Offline,Fairway Co.,2007,,active,[]
STR-0484,AdamsCore - Ambon,BRND-092,Ambon,Maluku,Offline,Fairway Co.,2024,,active,[]
STR-0485,Ashwear - Depok,BRND-093,Depok,West Java,Offline,Fairway Co.,2016,,active,[]
STR-0486,Ashwear - Semarang,BRND-093,Semarang,Central Java,Offline,Fairway Co.,2013,,active,[]
STR-0487,Ashwear - Bandar Lampung,BRND-093,Bandar Lampung,Lampung,Offline,Fairway Co.,2013,,active,"[1, 2, 3]"
STR-0488,Ashwear - Surakarta,BRND-093,Surakarta,Central Java,Offline,Fairway Co.,2025,,active,[]
STR-0489,Ashwear - Sidoarjo,BRND-093,Sidoarjo,East Java,Offline,Fairway Co.,2014,,active,[]
STR-0490,CrocsGolf - Samarinda,BRND-094,Samarinda,East Kalimantan,Offline,Fairway Co.,2002,,active,[11]
STR-0491,CrocsGolf - Tangerang,BRND-094,Tangerang,Banten,Offline,Fairway Co.,2024,,active,[]
STR-0492,CrocsGolf - Kupang,BRND-094,Kupang,East Nusa Tenggara,Offline,Fairway Co.,2002,,active,[]
STR-0493,CrocsGolf - Pangkal Pinang,BRND-094,Pangkal Pinang,Bangka Belitung Islands,Offline,Fairway Co.,2000,,active,[]
STR-0494,CrocsGolf - Cirebon,BRND-094,Cirebon,West Java,Offline,Fairway Co.,2010,,active,[]
STR-0495,CrocsGolf - Samarinda,BRND-094,Samarinda,East Kalimantan,Offline,Fairway Co.,2004,,active,[]
STR-0496,CrocsGolf - Surakarta,BRND-094,Surakarta,Central Java,Offline,Fairway Co.,2024,,active,"[7, 8, 9]"
STR-0497,CrocsGolf - Padang,BRND-094,Padang,West Sumatra,Offline,Fairway Co.,2004,,active,[]
STR-0498,Solevo Golf - Bogor,BRND-095,Bogor,West Java,Offline,Fairway Co.,2015,,active,[]
STR-0499,Solevo Golf - Tanjung Pinang,BRND-095,Tanjung Pinang,Riau Islands,Offline,Fairway Co.,2008,,active,[]
STR-0500,Solevo Golf - Tangerang,BRND-095,Tangerang,Banten,Offline,Fairway Co.,2002,,active,[]
STR-0501,Solevo Golf - Mamuju,BRND-095,Mamuju,West Sulawesi,Offline,Fairway Co.,2001,2006.0,closed,[]
STR-0502,Solevo Golf - Semarang,BRND-095,Semarang,Central Java,Offline,Fairway Co.,2007,,active,[]
STR-0503,Solevo Golf - Palu,BRND-095,Palu,Central Sulawesi,Offline,Fairway Co.,2002,,active,"[4, 5, 6]"
STR-0504,Solevo Golf - Palembang,BRND-095,Palembang,South Sumatra,Offline,Fairway Co.,2015,,active,[]
STR-0505,Solevo Golf - Medan,BRND-095,Medan,North Sumatra,Offline,Fairway Co.,2017,2024.0,closed,[]
STR-0506,Etoniq - Padang,BRND-096,Padang,West Sumatra,Offline,Fairway Co.,2013,,active,"[6, 7, 8]"
STR-0507,Etoniq - Jambi City,BRND-096,Jambi City,Jambi,Offline,Fairway Co.,2007,,active,[]
STR-0508,Etoniq - Bekasi,BRND-096,Bekasi,West Java,Offline,Fairway Co.,2023,,active,[]
STR-0509,Etoniq - Banda Aceh,BRND-096,Banda Aceh,Aceh,Offline,Fairway Co.,2014,2020.0,closed,[]
STR-0510,Etoniq - Surabaya,BRND-096,Surabaya,East Java,Offline,Fairway Co.,2002,,active,[]
STR-0511,Etoniq - Cirebon,BRND-096,Cirebon,West Java,Offline,Fairway Co.,2009,,active,[]
STR-0512,Clevo - Bandar Lampung,BRND-097,Bandar Lampung,Lampung,Offline,Fairway Co.,2023,,active,[]
STR-0513,Clevo - Tanjung Pinang,BRND-097,Tanjung Pinang,Riau Islands,Offline,Fairway Co.,2002,,active,[]
STR-0514,Clevo - Denpasar,BRND-097,Denpasar,Bali,Offline,Fairway Co.,2005,,active,[]
STR-0515,Clevo - Pekanbaru,BRND-097,Pekanbaru,Riau,Offline,Fairway Co.,2022,,active,"[2, 3]"
STR-0516,Wilsonia - Surakarta,BRND-098,Surakarta,Central Java,Offline,Fairway Co.,2005,,active,"[2, 3, 4]"
STR-0517,Wilsonia - Bekasi,BRND-098,Bekasi,West Java,Offline,Fairway Co.,2020,,active,[]
STR-0518,Wilsonia - Palangkaraya,BRND-098,Palangkaraya,Central Kalimantan,Offline,Fairway Co.,2008,,active,[]
STR-0519,Wilsonia - Serang,BRND-098,Serang,Banten,Offline,Fairway Co.,2007,,active,[]
STR-0520,Wilsonia - Tangerang,BRND-098,Tangerang,Banten,Offline,Fairway Co.,2017,,active,"[5, 6]"
STR-0521,Wilsonia - Tanjung Pinang,BRND-098,Tanjung Pinang,Riau Islands,Offline,Fairway Co.,2008,,active,[]
STR-0522,Wilsonia - Bandar Lampung,BRND-098,Bandar Lampung,Lampung,Offline,Fairway Co.,2001,,active,[11]
STR-0523,Wilsonia - Surabaya,BRND-098,Surabaya,East Java,Offline,Fairway Co.,2010,,active,[]
STR-0524,Callara - Nabire,BRND-099,Nabire,Central Papua,Offline,Fairway Co.,2009,,active,[]
STR-0525,Callara - Surabaya,BRND-099,Surabaya,East Java,Offline,Fairway Co.,2006,,active,[1]
STR-0526,Callara - Surakarta,BRND-099,Surakarta,Central Java,Offline,Fairway Co.,2002,,active,[3]
STR-0527,Callara - Palu,BRND-099,Palu,Central Sulawesi,Offline,Fairway Co.,2020,,active,[]
STR-0528,Callara - Denpasar,BRND-099,Denpasar,Bali,Offline,Fairway Co.,2018,,active,[]
STR-0529,Callara - Palangkaraya,BRND-099,Palangkaraya,Central Kalimantan,Offline,Fairway Co.,2008,,active,[]
STR-0530,Callara - Kupang,BRND-099,Kupang,East Nusa Tenggara,Offline,Fairway Co.,2008,,active,[]
STR-0531,Callara - Pekanbaru,BRND-099,Pekanbaru,Riau,Offline,Fairway Co.,2012,,active,[6]
STR-0532,Callara - Surabaya,BRND-099,Surabaya,East Java,Offline,Fairway Co.,2004,2011.0,closed,[]
STR-0533,Callara - Medan,BRND-099,Medan,North Sumatra,Offline,Fairway Co.,2018,,active,[]
STR-0534,Calvin Swing - Bekasi,BRND-100,Bekasi,West Java,Offline,Fairway Co.,2007,,active,[]
STR-0535,Calvin Swing - Mamuju,BRND-100,Mamuju,West Sulawesi,Offline,Fairway Co.,2024,,active,[]
STR-0536,Calvin Swing - Pangkal Pinang,BRND-100,Pangkal Pinang,Bangka Belitung Islands,Offline,Fairway Co.,2005,,active,[]
STR-0537,US MiniGolf - Tanjung Pinang,BRND-101,Tanjung Pinang,Riau Islands,Offline,Fairway Co.,2003,,active,[]
STR-0538,US MiniGolf - Jakarta,BRND-101,Jakarta,DKI Jakarta,Offline,Fairway Co.,2017,,active,[12]
STR-0539,US MiniGolf - Pekanbaru,BRND-101,Pekanbaru,Riau,Offline,Fairway Co.,2011,,active,[]
STR-0540,US MiniGolf - Medan,BRND-101,Medan,North Sumatra,Offline,Fairway Co.,2017,,active,[]
STR-0541,US MiniGolf - Pontianak,BRND-101,Pontianak,West Kalimantan,Offline,Fairway Co.,2012,2019.0,closed,"[6, 7]"
STR-0542,US MiniGolf - Denpasar,BRND-101,Denpasar,Bali,Offline,Fairway Co.,2000,,active,[]
STR-0543,US MiniGolf - Palembang,BRND-101,Palembang,South Sumatra,Offline,Fairway Co.,2025,,active,[]
STR-0544,US MiniGolf - Cirebon,BRND-101,Cirebon,West Java,Offline,Fairway Co.,2022,,active,[]
STR-0545,MaxFlyte - Mamuju,BRND-102,Mamuju,West Sulawesi,Offline,Fairway Co.,2005,,active,[]
STR-0546,MaxFlyte - Mamuju,BRND-102,Mamuju,West Sulawesi,Offline,Fairway Co.,2001,,active,[]
STR-0547,MaxFlyte - Malang,BRND-102,Malang,East Java,Offline,Fairway Co.,2000,2006.0,closed,"[12, 1]"
STR-0548,Honmera - Cirebon,BRND-103,Cirebon,West Java,Offline,Fairway Co.,2019,2022.0,closed,[]
STR-0549,Honmera - Surabaya,BRND-103,Surabaya,East Java,Offline,Fairway Co.,2014,,active,[]
STR-0550,OddyQuest - Manado,BRND-104,Manado,North Sulawesi,Offline,Fairway Co.,2003,2006.0,closed,[]
STR-0551,OddyQuest - Serang,BRND-104,Serang,Banten,Offline,Fairway Co.,2019,2027.0,active,[]
STR-0552,OddyQuest - Semarang,BRND-104,Semarang,Central Java,Offline,Fairway Co.,2000,,active,[]
STR-0553,OddyQuest - Bandung,BRND-104,Bandung,West Java,Offline,Fairway Co.,2006,,active,[]
STR-0554,OddyQuest - Surakarta,BRND-104,Surakarta,Central Java,Offline,Fairway Co.,2020,,active,"[3, 4, 5]"
STR-0555,OddyQuest - Serang,BRND-104,Serang,Banten,Offline,Fairway Co.,2015,2020.0,closed,[]
STR-0556,OddyQuest - Serang,BRND-104,Serang,Banten,Offline,Fairway Co.,2015,,active,[]
STR-0557,YESsure - Bandung,BRND-105,Bandung,West Java,Offline,Fairway Co.,2014,,active,[1]
STR-0558,YESsure - Cirebon,BRND-105,Cirebon,West Java,Offline,Fairway Co.,2025,,active,[]
STR-0559,YESsure - Sidoarjo,BRND-105,Sidoarjo,East Java,Offline,Fairway Co.,2022,,active,[]
STR-0560,YESsure - Banda Aceh,BRND-105,Banda Aceh,Aceh,Offline,Fairway Co.,2011,,active,[]
STR-0561,YESsure - Semarang,BRND-105,Semarang,Central Java,Offline,Fairway Co.,2014,,active,[]
STR-0562,YESsure - Padang,BRND-105,Padang,West Sumatra,Offline,Fairway Co.,2025,,active,[]
STR-0563,YESsure - Surakarta,BRND-105,Surakarta,Central Java,Offline,Fairway Co.,2019,,active,[]
STR-0564,Strikron - Serang,BRND-106,Serang,Banten,Offline,Fairway Co.,2011,,active,[]
STR-0565,Strikron - Tangerang,BRND-106,Tangerang,Banten,Offline,Fairway Co.,2003,,active,"[4, 5]"
STR-0566,Hippor - Medan,BRND-107,Medan,North Sumatra,Offline,Fairway Co.,2008,,active,[]
STR-0567,Hippor - Palangkaraya,BRND-107,Palangkaraya,Central Kalimantan,Offline,Fairway Co.,2016,,active,[]
STR-0568,Hippor - Makassar,BRND-107,Makassar,South Sulawesi,Offline,Fairway Co.,2016,,active,[]
STR-0569,Hippor - Pangkal Pinang,BRND-107,Pangkal Pinang,Bangka Belitung Islands,Offline,Fairway Co.,2002,,active,[]
STR-0570,Hippor - Denpasar,BRND-107,Denpasar,Bali,Offline,Fairway Co.,2025,,active,[]
STR-0571,Hippor - Balikpapan,BRND-107,Balikpapan,East Kalimantan,Offline,Fairway Co.,2020,,active,[]
STR-0572,TaylorMight - Bandung,BRND-108,Bandung,West Java,Offline,Fairway Co.,2010,,active,[]
STR-0573,TaylorMight - Padang,BRND-108,Padang,West Sumatra,Offline,Fairway Co.,2024,,active,[]
STR-0574,TaylorMight - Banda Aceh,BRND-108,Banda Aceh,Aceh,Offline,Fairway Co.,2015,,active,[1]
STR-0575,TaylorMight - Padang,BRND-108,Padang,West Sumatra,Offline,Fairway Co.,2019,,active,[]
STR-0576,Tabaro - Wamena,BRND-109,Wamena,Highland Papua,Offline,Fairway Co.,2009,,active,[]
STR-0577,Tabaro - Palu,BRND-109,Palu,Central Sulawesi,Offline,Fairway Co.,2021,,active,[]
STR-0578,Nicklaz - Cirebon,BRND-110,Cirebon,West Java,Offline,Fairway Co.,2009,,active,[]
STR-0579,Nicklaz - Surabaya,BRND-110,Surabaya,East Java,Offline,Fairway Co.,2019,,active,[]
STR-0580,Aluna Arch - Depok,BRND-111,Depok,West Java,Offline,LifeSphere,2007,,active,[]
STR-0581,Aluna Arch - Kendari,BRND-111,Kendari,Southeast Sulawesi,Offline,LifeSphere,2013,2021.0,closed,[]
STR-0582,Aluna Arch - Bengkulu City,BRND-111,Bengkulu City,Bengkulu,Offline,LifeSphere,2009,,active,[]
STR-0583,Aluna Arch - Padang,BRND-111,Padang,West Sumatra,Offline,LifeSphere,2004,,active,[]
STR-0584,Aluna Arch - Depok,BRND-111,Depok,West Java,Offline,LifeSphere,2012,,active,[]
STR-0585,Aluna Arch - Jakarta,BRND-111,Jakarta,DKI Jakarta,Offline,LifeSphere,2009,,active,[]
STR-0586,Aluna Arch - Bandung,BRND-111,Bandung,West Java,Offline,LifeSphere,2024,,active,[]
STR-0587,Aluna Arch - Bekasi,BRND-111,Bekasi,West Java,Offline,LifeSphere,2023,,active,[]
STR-0588,Crabtree & Eden - Bekasi,BRND-112,Bekasi,West Java,Offline,LifeSphere,2021,2026.0,active,[]
STR-0589,Crabtree & Eden - Tangerang,BRND-112,Tangerang,Banten,Offline,LifeSphere,2004,,active,[]
STR-0590,Crabtree & Eden - Semarang,BRND-112,Semarang,Central Java,Offline,LifeSphere,2023,,active,[]
STR-0591,Crabtree & Eden - Balikpapan,BRND-112,Balikpapan,East Kalimantan,Offline,LifeSphere,2001,,active,[]
STR-0592,DigiMax - Depok,BRND-113,Depok,West Java,Offline,LifeSphere,2011,,active,[]
STR-0593,DigiMax - Denpasar,BRND-113,Denpasar,Bali,Offline,LifeSphere,2000,2005.0,closed,[]
STR-0594,DigiMax - Sidoarjo,BRND-113,Sidoarjo,East Java,Offline,LifeSphere,2009,,active,[]
STR-0595,DigiMax - Pekanbaru,BRND-113,Pekanbaru,Riau,Offline,LifeSphere,2022,,active,[6]
STR-0596,DigiMax - Tanjung Pinang,BRND-113,Tanjung Pinang,Riau Islands,Offline,LifeSphere,2020,,active,[]
STR-0597,DigiMax - Jambi City,BRND-113,Jambi City,Jambi,Offline,LifeSphere,2014,,active,[]
STR-0598,DigiMax - Tangerang,BRND-113,Tangerang,Banten,Offline,LifeSphere,2020,,active,[]
STR-0599,DigiMax - Yogyakarta,BRND-113,Yogyakarta,Special Region of Yogyakarta,Offline,LifeSphere,2007,,active,[]
STR-0600,DigiMax - Cirebon,BRND-113,Cirebon,West Java,Offline,LifeSphere,2004,,active,[]
STR-0601,DigiMax - Bekasi,BRND-113,Bekasi,West Java,Offline,LifeSphere,2010,,active,"[3, 4, 5]"
STR-0602,DigiPlusX - Malang,BRND-114,Malang,East Java,Offline,LifeSphere,2017,,active,[]
STR-0603,DigiPlusX - Bogor,BRND-114,Bogor,West Java,Offline,LifeSphere,2009,,active,[]
STR-0604,DigiPlusX - Bandung,BRND-114,Bandung,West Java,Offline,LifeSphere,2001,,active,[]
STR-0605,DigiPlusX - Manokwari,BRND-114,Manokwari,West Papua,Offline,LifeSphere,2014,2019.0,closed,[]
STR-0606,DigiPlusX - Tanjung Selor,BRND-114,Tanjung Selor,North Kalimantan,Offline,LifeSphere,2004,,active,[]
STR-0607,DigiPlusX - Bandung,BRND-114,Bandung,West Java,Offline,LifeSphere,2005,,active,[]
STR-0608,DigiPlusX - Cirebon,BRND-114,Cirebon,West Java,Offline,LifeSphere,2024,,active,[]
STR-0609,Samvera - Banda Aceh,BRND-115,Banda Aceh,Aceh,Offline,LifeSphere,2020,,active,[]
STR-0610,Samvera - Bekasi,BRND-115,Bekasi,West Java,Offline,LifeSphere,2013,,active,[]
STR-0611,Samvera - Tangerang,BRND-115,Tangerang,Banten,Offline,LifeSphere,2025,,active,[]
STR-0612,Samvera - Manado,BRND-115,Manado,North Sulawesi,Offline,LifeSphere,2012,,active,[]
STR-0613,Samvera - Padang,BRND-115,Padang,West Sumatra,Offline,LifeSphere,2004,,active,[]
STR-0614,Samvera - Surabaya,BRND-115,Surabaya,East Java,Offline,LifeSphere,2014,,active,[]
STR-0615,Samvera - Surakarta,BRND-115,Surakarta,Central Java,Offline,LifeSphere,2007,,active,[]
STR-0616,Samvera - Tanjung Selor,BRND-115,Tanjung Selor,North Kalimantan,Offline,LifeSphere,2003,,active,[]
STR-0617,Samvera - Bengkulu City,BRND-115,Bengkulu City,Bengkulu,Offline,LifeSphere,2022,,active,[]
STR-0618,Samvera - Jambi City,BRND-115,Jambi City,Jambi,Offline,LifeSphere,2013,,active,"[3, 4]"
STR-0619,H2OVibe - Depok,BRND-116,Depok,West Java,Offline,LifeSphere,2016,2024.0,closed,[]
STR-0620,H2OVibe - Balikpapan,BRND-116,Balikpapan,East Kalimantan,Offline,LifeSphere,2019,,active,[]
STR-0621,H2OVibe - Yogyakarta,BRND-116,Yogyakarta,Special Region of Yogyakarta,Offline,LifeSphere,2010,,active,[]
STR-0622,H2OVibe - Depok,BRND-116,Depok,West Java,Offline,LifeSphere,2016,,active,[]
STR-0623,H2OVibe - Bekasi,BRND-116,Bekasi,West Java,Offline,LifeSphere,2024,,active,[]
STR-0624,H2OVibe - Bandung,BRND-116,Bandung,West Java,Offline,LifeSphere,2022,,active,[]
STR-0625,H2OVibe - Manado,BRND-116,Manado,North Sulawesi,Offline,LifeSphere,2005,,active,[]
STR-0626,H2OVibe - Banjarmasin,BRND-116,Banjarmasin,South Kalimantan,Offline,LifeSphere,2005,,active,[]
STR-0627,H2OVibe - Bekasi,BRND-116,Bekasi,West Java,Offline,LifeSphere,2016,,active,[]
STR-0628,KinoBooks - Bogor,BRND-117,Bogor,West Java,Offline,LifeSphere,2008,,active,[]
STR-0629,KinoBooks - Malang,BRND-117,Malang,East Java,Offline,LifeSphere,2019,,active,[]
STR-0630,KinoBooks - Surakarta,BRND-117,Surakarta,Central Java,Offline,LifeSphere,2014,,active,[]
STR-0631,KinoBooks - Banda Aceh,BRND-117,Banda Aceh,Aceh,Offline,LifeSphere,2023,,active,[]
STR-0632,Traxa - Bengkulu City,BRND-118,Bengkulu City,Bengkulu,Offline,LifeSphere,2015,,active,[]
STR-0633,Traxa - Semarang,BRND-118,Semarang,Central Java,Offline,LifeSphere,2017,,active,[]
STR-0634,Samsonex - Semarang,BRND-119,Semarang,Central Java,Offline,LifeSphere,2006,2010.0,closed,[]
STR-0635,Samsonex - Cirebon,BRND-119,Cirebon,West Java,Offline,LifeSphere,2021,,active,"[1, 2, 3]"
STR-0636,Samsonex - Tanjung Selor,BRND-119,Tanjung Selor,North Kalimantan,Offline,LifeSphere,2012,2016.0,closed,[]
STR-0637,Samsonex - Palu,BRND-119,Palu,Central Sulawesi,Offline,LifeSphere,2022,,active,[]
STR-0638,Samsonex - Pekanbaru,BRND-119,Pekanbaru,Riau,Offline,LifeSphere,2011,,active,[]
STR-0639,Samsonex - Depok,BRND-119,Depok,West Java,Offline,LifeSphere,2011,,active,[]
STR-0640,Samsonex - Bengkulu City,BRND-119,Bengkulu City,Bengkulu,Offline,LifeSphere,2005,,active,[]
STR-0641,AmeriTour - Malang,BRND-120,Malang,East Java,Offline,LifeSphere,2000,,active,[]
STR-0642,AmeriTour - Bandung,BRND-120,Bandung,West Java,Offline,LifeSphere,2025,,active,[]
STR-0643,Travelio - Pangkal Pinang,BRND-121,Pangkal Pinang,Bangka Belitung Islands,Offline,LifeSphere,2021,,active,[]
STR-0644,Travelio - Sidoarjo,BRND-121,Sidoarjo,East Java,Offline,LifeSphere,2000,,active,[]
STR-0645,Swisha - Palembang,BRND-122,Palembang,South Sumatra,Offline,LifeSphere,2009,,active,[]
STR-0646,Swisha - Surakarta,BRND-122,Surakarta,Central Java,Offline,LifeSphere,2020,,active,[]
STR-0647,Swisha - Jakarta,BRND-122,Jakarta,DKI Jakarta,Offline,LifeSphere,2021,,active,[]
STR-0648,Swisha - Palu,BRND-122,Palu,Central Sulawesi,Offline,LifeSphere,2021,,active,"[8, 9]"
STR-0649,Swisha - Depok,BRND-122,Depok,West Java,Offline,LifeSphere,2020,,active,[]
STR-0650,Swisha - Jambi City,BRND-122,Jambi City,Jambi,Offline,LifeSphere,2000,,active,[]
STR-0651,Swisha - Surakarta,BRND-122,Surakarta,Central Java,Offline,LifeSphere,2007,,active,[]
STR-0652,Swisha - Cirebon,BRND-122,Cirebon,West Java,Offline,LifeSphere,2011,,active,[]
STR-0653,Swisha - Bogor,BRND-122,Bogor,West Java,Offline,LifeSphere,2000,,active,[10]
STR-0654,Swisha - Palu,BRND-122,Palu,Central Sulawesi,Offline,LifeSphere,2005,,active,[]
STR-0655,Zavana Home - Pontianak,BRND-123,Pontianak,West Kalimantan,Offline,LifeSphere,2006,,active,[]
STR-0656,Zavana Home - Bandung,BRND-123,Bandung,West Java,Offline,LifeSphere,2023,2030.0,active,[]
STR-0657,Zavana Home - Bogor,BRND-123,Bogor,West Java,Offline,LifeSphere,2006,,active,[]
STR-0658,Zavana Home - Banda Aceh,BRND-123,Banda Aceh,Aceh,Offline,LifeSphere,2018,,active,[]
STR-0659,Zavana Home - Cirebon,BRND-123,Cirebon,West Java,Offline,LifeSphere,2025,,active,"[5, 6]"
STR-0660,Zavana Home - Bandar Lampung,BRND-123,Bandar Lampung,Lampung,Offline,LifeSphere,2010,,active,[]
STR-0661,Zavana Home - Balikpapan,BRND-123,Balikpapan,East Kalimantan,Offline,LifeSphere,2018,,active,[]
STR-0662,Zavana Home - Cirebon,BRND-123,Cirebon,West Java,Offline,LifeSphere,2023,,active,[]
STR-0663,Zavana Home - Sidoarjo,BRND-123,Sidoarjo,East Java,Offline,LifeSphere,2008,,active,[11]
